-- phpMyAdmin SQL Dump
-- version 4.2.11
-- http://www.phpmyadmin.net
--
-- Host: 127.0.0.1
-- Generation Time: Nov 12, 2018 at 11:12 AM
-- Server version: 5.6.21
-- PHP Version: 5.6.3

SET SQL_MODE = "NO_AUTO_VALUE_ON_ZERO";
SET time_zone = "+00:00";


/*!40101 SET @OLD_CHARACTER_SET_CLIENT=@@CHARACTER_SET_CLIENT */;
/*!40101 SET @OLD_CHARACTER_SET_RESULTS=@@CHARACTER_SET_RESULTS */;
/*!40101 SET @OLD_COLLATION_CONNECTION=@@COLLATION_CONNECTION */;
/*!40101 SET NAMES utf8 */;

--
-- Database: `transvision-pms`
--

-- --------------------------------------------------------

--
-- Table structure for table `tbl_mobil`
--

CREATE TABLE IF NOT EXISTS `tbl_mobil` (
`mobil_id` int(11) NOT NULL,
  `mobil` varchar(75) NOT NULL,
  `nopol` varchar(50) NOT NULL,
  `tipe` varchar(50) DEFAULT NULL,
  `merk` varchar(50) DEFAULT NULL
) ENGINE=InnoDB AUTO_INCREMENT=3 DEFAULT CHARSET=latin1;

--
-- Dumping data for table `tbl_mobil`
--

INSERT INTO `tbl_mobil` (`mobil_id`, `mobil`, `nopol`, `tipe`, `merk`) VALUES
(1, 'Xenia', 'H 8000 RZ', 'MPV', 'Daihatsu'),
(2, 'Gran Max', 'H 3000 GX', 'Mini Bus', 'Daihatsu');

-- --------------------------------------------------------

--
-- Table structure for table `tbl_pemakaian`
--

CREATE TABLE IF NOT EXISTS `tbl_pemakaian` (
`pemakaian_id` bigint(20) NOT NULL,
  `id_permohonan` bigint(20) NOT NULL,
  `id_mobil` int(11) NOT NULL,
  `pengemudi` bigint(20) DEFAULT NULL,
  `catatan` text,
  `berangkat` time DEFAULT NULL,
  `kembali` time DEFAULT NULL,
  `km_awal` int(11) DEFAULT NULL,
  `km_akhir` int(11) DEFAULT NULL,
  `foto_km_awal` text,
  `foto_km_akhir` text,
  `status_pemakaian` int(1) NOT NULL DEFAULT '0',
  `lat` text,
  `lng` text,
  `kode_pemakaian` int(4) NOT NULL
) ENGINE=InnoDB AUTO_INCREMENT=5 DEFAULT CHARSET=latin1;

--
-- Dumping data for table `tbl_pemakaian`
--

INSERT INTO `tbl_pemakaian` (`pemakaian_id`, `id_permohonan`, `id_mobil`, `pengemudi`, `catatan`, `berangkat`, `kembali`, `km_awal`, `km_akhir`, `foto_km_awal`, `foto_km_akhir`, `status_pemakaian`, `lat`, `lng`, `kode_pemakaian`) VALUES
(1, 1, 1, 2, 'isi bensin 100 ribu', '07:00:12', '09:00:05', 10100, 10200, 'http://localhost/transvision-pms/uploads/25469_1541545692.jpeg', 'http://localhost/transvision-pms/uploads/8497_1541545745.jpeg', 1, NULL, NULL, 1024),
(2, 2, 2, 3, 'isi bensin 150 ribu', '08:00:00', '12:00:00', 11300, 11450, NULL, NULL, 1, '-7.003381424562164', '110.4383854845927', 2830),
(3, 4, 2, 2, NULL, '09:00:00', '12:00:00', 11450, 11600, NULL, NULL, 0, NULL, NULL, 8084),
(4, 5, 1, 3, NULL, '07:00:00', '15:00:00', 10200, 10480, NULL, NULL, 0, NULL, NULL, 6281);

-- --------------------------------------------------------

--
-- Table structure for table `tbl_permohonan`
--

CREATE TABLE IF NOT EXISTS `tbl_permohonan` (
`permohonan_id` bigint(20) NOT NULL,
  `id_user` bigint(20) NOT NULL,
  `tujuan` text NOT NULL,
  `keperluan` text NOT NULL,
  `jum_penumpang` tinyint(4) NOT NULL,
  `tgl_pemakaian` date NOT NULL,
  `status_permohonan` tinyint(1) NOT NULL DEFAULT '0',
  `lama_pemakaian` text,
  `dasar_pemakaian` text,
  `created_on` datetime NOT NULL
) ENGINE=InnoDB AUTO_INCREMENT=7 DEFAULT CHARSET=latin1;

--
-- Dumping data for table `tbl_permohonan`
--

INSERT INTO `tbl_permohonan` (`permohonan_id`, `id_user`, `tujuan`, `keperluan`, `jum_penumpang`, `tgl_pemakaian`, `status_permohonan`, `lama_pemakaian`, `dasar_pemakaian`, `created_on`) VALUES
(1, 2, 'Udinus', 'Dismantle', 2, '2018-11-08', 1, '2 jam', 'Tugas', '2018-11-07 04:55:40'),
(2, 3, 'Nakula', 'Dismantle', 2, '2018-11-09', 1, '4 jam', 'Tugas', '2018-11-08 05:04:45'),
(3, 4, 'Rambutan', 'Dismantle', 4, '2018-11-09', 2, '8 jam', 'Tugas', '2018-11-08 05:07:52'),
(4, 2, 'Pudak Payung', 'Dismantle', 3, '2018-11-10', 1, '3 jam', 'Tugas', '2018-11-09 05:16:32'),
(5, 3, 'Trans Mart', 'Promosi', 2, '2018-11-11', 1, '8 jam', 'Tugas', '2018-11-10 05:18:07'),
(6, 4, 'Kendal', 'Promosi', 3, '2018-11-12', 0, '1 hari', 'Tugas', '2018-11-11 05:19:01');

-- --------------------------------------------------------

--
-- Table structure for table `tbl_sessions`
--

CREATE TABLE IF NOT EXISTS `tbl_sessions` (
  `id` varchar(40) NOT NULL,
  `ip_address` varchar(45) NOT NULL,
  `timestamp` int(10) unsigned NOT NULL DEFAULT '0',
  `data` blob NOT NULL
) ENGINE=InnoDB DEFAULT CHARSET=latin1;

--
-- Dumping data for table `tbl_sessions`
--

INSERT INTO `tbl_sessions` (`id`, `ip_address`, `timestamp`, `data`) VALUES
('f31b5f34c5155fcb0460e88fc5fa54d81b40dfec', '::1', 1541503625, 0x5f5f63695f6c6173745f726567656e65726174657c693a313534313530333631393b757365725f69647c733a313a2231223b757365726e616d657c733a363a2273616964756e223b67726f75707c733a353a2261646d696e223b656d61696c7c733a31363a2273616964756e40676d61696c2e636f6d223b6c6173745f6c6f67696e7c733a31393a22323031382d31302d31332031373a32363a3032223b6c6f676765645f696e7c623a313b),
('f6ebc3dfa7703f24b4ce7d7fc4081fc6a25ed8b7', '::1', 1541504490, 0x5f5f63695f6c6173745f726567656e65726174657c693a313534313530343439303b757365725f69647c733a313a2231223b757365726e616d657c733a363a2273616964756e223b67726f75707c733a353a2261646d696e223b656d61696c7c733a31363a2273616964756e40676d61696c2e636f6d223b6c6173745f6c6f67696e7c733a31393a22323031382d31302d31332031373a32363a3032223b6c6f676765645f696e7c623a313b),
('f2d383366da04ee58982ec73e4947a8736fce88e', '::1', 1541504938, 0x5f5f63695f6c6173745f726567656e65726174657c693a313534313530343933383b757365725f69647c733a313a2231223b757365726e616d657c733a363a2273616964756e223b67726f75707c733a353a2261646d696e223b656d61696c7c733a31363a2273616964756e40676d61696c2e636f6d223b6c6173745f6c6f67696e7c733a31393a22323031382d31302d31332031373a32363a3032223b6c6f676765645f696e7c623a313b),
('8efde7a3a18a8fe8b5770b5f54680e9c560ca25c', '::1', 1541505734, 0x5f5f63695f6c6173745f726567656e65726174657c693a313534313530353733343b757365725f69647c733a313a2231223b757365726e616d657c733a363a2273616964756e223b67726f75707c733a353a2261646d696e223b656d61696c7c733a31363a2273616964756e40676d61696c2e636f6d223b6c6173745f6c6f67696e7c733a31393a22323031382d31302d31332031373a32363a3032223b6c6f676765645f696e7c623a313b),
('3fead71fc5efbba6e9124739f8e467d96550ff20', '::1', 1541507905, 0x5f5f63695f6c6173745f726567656e65726174657c693a313534313530373930353b757365725f69647c733a313a2231223b757365726e616d657c733a363a2273616964756e223b67726f75707c733a353a2261646d696e223b656d61696c7c733a31363a2273616964756e40676d61696c2e636f6d223b6c6173745f6c6f67696e7c733a31393a22323031382d31302d31332031373a32363a3032223b6c6f676765645f696e7c623a313b),
('4dfcaff041bdc4230628a2663059bdf4f1115f8e', '::1', 1541508528, 0x5f5f63695f6c6173745f726567656e65726174657c693a313534313530383532383b757365725f69647c733a313a2231223b757365726e616d657c733a363a2273616964756e223b67726f75707c733a353a2261646d696e223b656d61696c7c733a31363a2273616964756e40676d61696c2e636f6d223b6c6173745f6c6f67696e7c733a31393a22323031382d31302d31332031373a32363a3032223b6c6f676765645f696e7c623a313b),
('c48e05729b34bc6cbe1b6ae50462ec2b6011b65a', '::1', 1541509414, 0x5f5f63695f6c6173745f726567656e65726174657c693a313534313530393430353b757365725f69647c733a313a2231223b757365726e616d657c733a363a2273616964756e223b67726f75707c733a353a2261646d696e223b656d61696c7c733a31363a2273616964756e40676d61696c2e636f6d223b6c6173745f6c6f67696e7c733a31393a22323031382d31302d31332031373a32363a3032223b6c6f676765645f696e7c623a313b),
('dd98ee0505613b51e937ecff676bc2c216ff8aa4', '::1', 1541511343, 0x5f5f63695f6c6173745f726567656e65726174657c693a313534313531313334333b757365725f69647c733a313a2231223b757365726e616d657c733a363a2273616964756e223b67726f75707c733a353a2261646d696e223b656d61696c7c733a31363a2273616964756e40676d61696c2e636f6d223b6c6173745f6c6f67696e7c733a31393a22323031382d31302d31332031373a32363a3032223b6c6f676765645f696e7c623a313b),
('7fc5dd3111ec2eb2b559ee99f27646f2f3cd8f40', '::1', 1541511802, 0x5f5f63695f6c6173745f726567656e65726174657c693a313534313531313830323b757365725f69647c733a313a2231223b757365726e616d657c733a363a2273616964756e223b67726f75707c733a353a2261646d696e223b656d61696c7c733a31363a2273616964756e40676d61696c2e636f6d223b6c6173745f6c6f67696e7c733a31393a22323031382d31302d31332031373a32363a3032223b6c6f676765645f696e7c623a313b),
('010339e83b937627f562d6bf700c7e773e40b7ed', '::1', 1541512386, 0x5f5f63695f6c6173745f726567656e65726174657c693a313534313531323338363b757365725f69647c733a313a2231223b757365726e616d657c733a363a2273616964756e223b67726f75707c733a353a2261646d696e223b656d61696c7c733a31363a2273616964756e40676d61696c2e636f6d223b6c6173745f6c6f67696e7c733a31393a22323031382d31302d31332031373a32363a3032223b6c6f676765645f696e7c623a313b),
('e06f4dc41bd954ccfea597b2f93cd6669fdba482', '::1', 1541512967, 0x5f5f63695f6c6173745f726567656e65726174657c693a313534313531323936373b757365725f69647c733a313a2231223b757365726e616d657c733a363a2273616964756e223b67726f75707c733a353a2261646d696e223b656d61696c7c733a31363a2273616964756e40676d61696c2e636f6d223b6c6173745f6c6f67696e7c733a31393a22323031382d31302d31332031373a32363a3032223b6c6f676765645f696e7c623a313b),
('a0d57fd22337d752003b8114a3e5fe8a40da0a36', '::1', 1541519501, 0x5f5f63695f6c6173745f726567656e65726174657c693a313534313531393530313b757365725f69647c733a313a2231223b757365726e616d657c733a363a2273616964756e223b67726f75707c733a353a2261646d696e223b656d61696c7c733a31363a2273616964756e40676d61696c2e636f6d223b6c6173745f6c6f67696e7c733a31393a22323031382d31302d31332031373a32363a3032223b6c6f676765645f696e7c623a313b),
('ee9a4b9b2699ccd32e6b60ff7b09fe37625e458f', '::1', 1541520675, 0x5f5f63695f6c6173745f726567656e65726174657c693a313534313532303636393b757365725f69647c733a313a2231223b757365726e616d657c733a363a2273616964756e223b67726f75707c733a353a2261646d696e223b656d61696c7c733a31363a2273616964756e40676d61696c2e636f6d223b6c6173745f6c6f67696e7c733a31393a22323031382d31312d30362032333a31303a3539223b6c6f676765645f696e7c623a313b),
('744acf1dfa8ed4a3fcb1d0e0b9b98ca47725530a', '::1', 1541523186, 0x5f5f63695f6c6173745f726567656e65726174657c693a313534313532333138363b757365725f69647c733a313a2231223b757365726e616d657c733a363a2273616964756e223b67726f75707c733a353a2261646d696e223b656d61696c7c733a31363a2273616964756e40676d61696c2e636f6d223b6c6173745f6c6f67696e7c733a31393a22323031382d31312d30362032333a31303a3539223b6c6f676765645f696e7c623a313b),
('1ae6bde029a8c5f86496eceb524d33abe6d58b17', '::1', 1541525079, 0x5f5f63695f6c6173745f726567656e65726174657c693a313534313532353037393b757365725f69647c733a313a2231223b757365726e616d657c733a363a2273616964756e223b67726f75707c733a353a2261646d696e223b656d61696c7c733a31363a2273616964756e40676d61696c2e636f6d223b6c6173745f6c6f67696e7c733a31393a22323031382d31312d30362032333a31303a3539223b6c6f676765645f696e7c623a313b),
('e9654671a960d2a28c6d4b507a00586df7a0f7b7', '::1', 1541526298, 0x5f5f63695f6c6173745f726567656e65726174657c693a313534313532363239383b757365725f69647c733a313a2231223b757365726e616d657c733a363a2273616964756e223b67726f75707c733a353a2261646d696e223b656d61696c7c733a31363a2273616964756e40676d61696c2e636f6d223b6c6173745f6c6f67696e7c733a31393a22323031382d31312d30362032333a31303a3539223b6c6f676765645f696e7c623a313b),
('42000117a996068d5b331c80db5aa7d8fda5420b', '::1', 1541526739, 0x5f5f63695f6c6173745f726567656e65726174657c693a313534313532363733393b757365725f69647c733a313a2231223b757365726e616d657c733a363a2273616964756e223b67726f75707c733a353a2261646d696e223b656d61696c7c733a31363a2273616964756e40676d61696c2e636f6d223b6c6173745f6c6f67696e7c733a31393a22323031382d31312d30362032333a31303a3539223b6c6f676765645f696e7c623a313b),
('d63fb0df97f8814d87910585139f258998e7125b', '::1', 1541531026, 0x5f5f63695f6c6173745f726567656e65726174657c693a313534313533313032363b757365725f69647c733a313a2231223b757365726e616d657c733a363a2273616964756e223b67726f75707c733a353a2261646d696e223b656d61696c7c733a31363a2273616964756e40676d61696c2e636f6d223b6c6173745f6c6f67696e7c733a31393a22323031382d31312d30362032333a31303a3539223b6c6f676765645f696e7c623a313b),
('1a877699b4e7b0387a4c02c73b0a64e4d3b428ca', '::1', 1541541496, 0x5f5f63695f6c6173745f726567656e65726174657c693a313534313534313439303b757365725f69647c733a313a2231223b757365726e616d657c733a363a2273616964756e223b67726f75707c733a353a2261646d696e223b656d61696c7c733a31363a2273616964756e40676d61696c2e636f6d223b6c6173745f6c6f67696e7c733a31393a22323031382d31312d30362032333a31303a3539223b6c6f676765645f696e7c623a313b),
('b1c02b88d60bedd04be7c685ddcffa768386548d', '::1', 1541541894, 0x5f5f63695f6c6173745f726567656e65726174657c693a313534313534313839343b757365725f69647c733a313a2231223b757365726e616d657c733a363a2273616964756e223b67726f75707c733a353a2261646d696e223b656d61696c7c733a31363a2273616964756e40676d61696c2e636f6d223b6c6173745f6c6f67696e7c733a31393a22323031382d31312d30362032333a31303a3539223b6c6f676765645f696e7c623a313b),
('1e7d9fa37ea4ffe95c30aaa8c13cd06f1f2f0f32', '::1', 1541542245, 0x5f5f63695f6c6173745f726567656e65726174657c693a313534313534323234353b757365725f69647c733a313a2231223b757365726e616d657c733a363a2273616964756e223b67726f75707c733a353a2261646d696e223b656d61696c7c733a31363a2273616964756e40676d61696c2e636f6d223b6c6173745f6c6f67696e7c733a31393a22323031382d31312d30362032333a31303a3539223b6c6f676765645f696e7c623a313b),
('6c8bf9fe82ea106914db800def96d6c014829cd2', '::1', 1541542604, 0x5f5f63695f6c6173745f726567656e65726174657c693a313534313534323630343b757365725f69647c733a313a2231223b757365726e616d657c733a363a2273616964756e223b67726f75707c733a353a2261646d696e223b656d61696c7c733a31363a2273616964756e40676d61696c2e636f6d223b6c6173745f6c6f67696e7c733a31393a22323031382d31312d30362032333a31303a3539223b6c6f676765645f696e7c623a313b),
('822265ac7ff96433e66d93c732ea22b92f44e888', '::1', 1541543090, 0x5f5f63695f6c6173745f726567656e65726174657c693a313534313534333038393b757365725f69647c733a313a2231223b757365726e616d657c733a363a2273616964756e223b67726f75707c733a353a2261646d696e223b656d61696c7c733a31363a2273616964756e40676d61696c2e636f6d223b6c6173745f6c6f67696e7c733a31393a22323031382d31312d30362032333a31303a3539223b6c6f676765645f696e7c623a313b),
('ef620b13a36fded863d51beb9793878f1753a110', '::1', 1541543685, 0x5f5f63695f6c6173745f726567656e65726174657c693a313534313534333638353b757365725f69647c733a313a2231223b757365726e616d657c733a363a2273616964756e223b67726f75707c733a353a2261646d696e223b656d61696c7c733a31363a2273616964756e40676d61696c2e636f6d223b6c6173745f6c6f67696e7c733a31393a22323031382d31312d30362032333a31303a3539223b6c6f676765645f696e7c623a313b),
('e28e6d3d8875abc15326c41efe371a9ec4457577', '::1', 1541544039, 0x5f5f63695f6c6173745f726567656e65726174657c693a313534313534343033393b757365725f69647c733a313a2231223b757365726e616d657c733a363a2273616964756e223b67726f75707c733a353a2261646d696e223b656d61696c7c733a31363a2273616964756e40676d61696c2e636f6d223b6c6173745f6c6f67696e7c733a31393a22323031382d31312d30362032333a31303a3539223b6c6f676765645f696e7c623a313b),
('c3e62b0e5904645f2764d44ab9b6f7ddc55cee2a', '::1', 1541544408, 0x5f5f63695f6c6173745f726567656e65726174657c693a313534313534343430383b757365725f69647c733a313a2231223b757365726e616d657c733a363a2273616964756e223b67726f75707c733a353a2261646d696e223b656d61696c7c733a31363a2273616964756e40676d61696c2e636f6d223b6c6173745f6c6f67696e7c733a31393a22323031382d31312d30362032333a31303a3539223b6c6f676765645f696e7c623a313b),
('a37f5032af21222cb0342590f282b35ae00e4b7c', '::1', 1541544726, 0x5f5f63695f6c6173745f726567656e65726174657c693a313534313534343732363b757365725f69647c733a313a2231223b757365726e616d657c733a363a2273616964756e223b67726f75707c733a353a2261646d696e223b656d61696c7c733a31363a2273616964756e40676d61696c2e636f6d223b6c6173745f6c6f67696e7c733a31393a22323031382d31312d30362032333a31303a3539223b6c6f676765645f696e7c623a313b),
('f77e61dc6a6427eab50094f19bea33245c3000d0', '::1', 1541545441, 0x5f5f63695f6c6173745f726567656e65726174657c693a313534313534353434313b757365725f69647c733a313a2231223b757365726e616d657c733a363a2273616964756e223b67726f75707c733a353a2261646d696e223b656d61696c7c733a31363a2273616964756e40676d61696c2e636f6d223b6c6173745f6c6f67696e7c733a31393a22323031382d31312d30362032333a31303a3539223b6c6f676765645f696e7c623a313b),
('27b75a4ff70d75f446a3fd333341480fdaad57a6', '::1', 1541545753, 0x5f5f63695f6c6173745f726567656e65726174657c693a313534313534353735333b757365725f69647c733a313a2231223b757365726e616d657c733a363a2273616964756e223b67726f75707c733a353a2261646d696e223b656d61696c7c733a31363a2273616964756e40676d61696c2e636f6d223b6c6173745f6c6f67696e7c733a31393a22323031382d31312d30362032333a31303a3539223b6c6f676765645f696e7c623a313b),
('5787a3d12d2693781084c909b63db951ce7bde4c', '::1', 1541546089, 0x5f5f63695f6c6173745f726567656e65726174657c693a313534313534363038393b757365725f69647c733a313a2231223b757365726e616d657c733a363a2273616964756e223b67726f75707c733a353a2261646d696e223b656d61696c7c733a31363a2273616964756e40676d61696c2e636f6d223b6c6173745f6c6f67696e7c733a31393a22323031382d31312d30362032333a31303a3539223b6c6f676765645f696e7c623a313b),
('763f8102dfc257957f3b2ef7fd2be1ce0c2c57b3', '::1', 1541587415, 0x5f5f63695f6c6173745f726567656e65726174657c693a313534313538373339343b757365725f69647c733a313a2231223b757365726e616d657c733a363a2273616964756e223b67726f75707c733a353a2261646d696e223b656d61696c7c733a31363a2273616964756e40676d61696c2e636f6d223b6c6173745f6c6f67696e7c733a31393a22323031382d31312d30362032333a31303a3539223b6c6f676765645f696e7c623a313b),
('be5f48722d29d2dc4fb29e499f10a9ac3021fedd', '::1', 1541650840, 0x5f5f63695f6c6173745f726567656e65726174657c693a313534313635303834303b),
('8e6c7672a271849bb2e36a276a604600e8c44e79', '::1', 1541695507, 0x5f5f63695f6c6173745f726567656e65726174657c693a313534313639353530373b),
('271243960543950e13792414e7ef9d140dc705a1', '::1', 1541724941, 0x5f5f63695f6c6173745f726567656e65726174657c693a313534313732343934313b),
('f546cd29d29d56f8a43430315390b258c18b9cb2', '::1', 1541726465, 0x5f5f63695f6c6173745f726567656e65726174657c693a313534313732363436343b757365725f69647c733a313a2231223b757365726e616d657c733a363a2273616964756e223b67726f75707c733a353a2261646d696e223b656d61696c7c733a31363a2273616964756e40676d61696c2e636f6d223b6c6173745f6c6f67696e7c733a31393a22323031382d31312d30362032333a31303a3539223b6c6f676765645f696e7c623a313b),
('018b914e10352496a5b3bfc293f69932908a37cb', '::1', 1541736096, 0x5f5f63695f6c6173745f726567656e65726174657c693a313534313733363039363b),
('92c402883ffd4f4ceaffee7dd540204854ee84ce', '::1', 1541741789, 0x5f5f63695f6c6173745f726567656e65726174657c693a313534313734313738393b),
('bb9650e4827eac9b7c3bf7b415365c91da550ced', '::1', 1541857676, 0x5f5f63695f6c6173745f726567656e65726174657c693a313534313835373636363b757365725f69647c733a313a2231223b757365726e616d657c733a363a2273616964756e223b67726f75707c733a353a2261646d696e223b656d61696c7c733a31363a2273616964756e40676d61696c2e636f6d223b6c6173745f6c6f67696e7c733a31393a22323031382d31312d30362032333a31303a3539223b6c6f676765645f696e7c623a313b),
('6d5a3fd245812eff74a30a9ddd3493b3708427c4', '::1', 1541876851, 0x5f5f63695f6c6173745f726567656e65726174657c693a313534313837363834353b757365725f69647c733a313a2231223b757365726e616d657c733a363a2273616964756e223b67726f75707c733a353a2261646d696e223b656d61696c7c733a31363a2273616964756e40676d61696c2e636f6d223b6c6173745f6c6f67696e7c733a31393a22323031382d31312d30362032333a31303a3539223b6c6f676765645f696e7c623a313b);

-- --------------------------------------------------------

--
-- Table structure for table `tbl_user`
--

CREATE TABLE IF NOT EXISTS `tbl_user` (
`user_id` bigint(20) NOT NULL,
  `username` varchar(75) NOT NULL,
  `group` varchar(50) NOT NULL,
  `password` varchar(75) NOT NULL,
  `email` varchar(254) NOT NULL,
  `created_on` datetime NOT NULL,
  `last_login` datetime NOT NULL
) ENGINE=InnoDB AUTO_INCREMENT=5 DEFAULT CHARSET=latin1;

--
-- Dumping data for table `tbl_user`
--

INSERT INTO `tbl_user` (`user_id`, `username`, `group`, `password`, `email`, `created_on`, `last_login`) VALUES
(1, 'saidun', 'admin', '$2a$12$KR848XN/S89bLpcyNOm2B./fkgn0a.hIpomxfAOp09mSWVGYZ.f2W', 'saidun@gmail.com', '2018-11-06 23:10:59', '2018-11-06 23:10:59'),
(2, 'dennis', 'user', '$2a$12$HEKPjVDtGrvqSxmP4JvJM.Vzj4arlu5zeo6hR6J9Q2j4w1DHzKJUK', 'dennis@gmail.com', '2018-11-07 02:26:28', '2018-11-07 06:07:06'),
(3, 'ardian', 'user', '$2a$12$n.lml9mfJ4lV2hrU3mWsI.sj1pKQhIyK7AJpus.JAUpB0gAAau/hi', 'ardian@gmail.com', '2018-11-07 05:03:10', '2018-11-09 00:58:28'),
(4, 'daniswara', 'user', '$2a$12$H1LVA5UWqe/ee8nneYO0Buq6f7YKNuVBbCuD82S4FLIUPTTCWUedO', 'daniswara@gmail.com', '2018-11-07 05:06:15', '2018-11-07 05:18:29');

--
-- Indexes for dumped tables
--

--
-- Indexes for table `tbl_mobil`
--
ALTER TABLE `tbl_mobil`
 ADD PRIMARY KEY (`mobil_id`);

--
-- Indexes for table `tbl_pemakaian`
--
ALTER TABLE `tbl_pemakaian`
 ADD PRIMARY KEY (`pemakaian_id`);

--
-- Indexes for table `tbl_permohonan`
--
ALTER TABLE `tbl_permohonan`
 ADD PRIMARY KEY (`permohonan_id`);

--
-- Indexes for table `tbl_user`
--
ALTER TABLE `tbl_user`
 ADD PRIMARY KEY (`user_id`);

--
-- AUTO_INCREMENT for dumped tables
--

--
-- AUTO_INCREMENT for table `tbl_mobil`
--
ALTER TABLE `tbl_mobil`
MODIFY `mobil_id` int(11) NOT NULL AUTO_INCREMENT,AUTO_INCREMENT=3;
--
-- AUTO_INCREMENT for table `tbl_pemakaian`
--
ALTER TABLE `tbl_pemakaian`
MODIFY `pemakaian_id` bigint(20) NOT NULL AUTO_INCREMENT,AUTO_INCREMENT=5;
--
-- AUTO_INCREMENT for table `tbl_permohonan`
--
ALTER TABLE `tbl_permohonan`
MODIFY `permohonan_id` bigint(20) NOT NULL AUTO_INCREMENT,AUTO_INCREMENT=7;
--
-- AUTO_INCREMENT for table `tbl_user`
--
ALTER TABLE `tbl_user`
MODIFY `user_id` bigint(20) NOT NULL AUTO_INCREMENT,AUTO_INCREMENT=5;
/*!40101 SET CHARACTER_SET_CLIENT=@OLD_CHARACTER_SET_CLIENT */;
/*!40101 SET CHARACTER_SET_RESULTS=@OLD_CHARACTER_SET_RESULTS */;
/*!40101 SET COLLATION_CONNECTION=@OLD_COLLATION_CONNECTION */;
